-- =============================================================================
-- CESTA INTELIGENTE — Seed Data
-- =============================================================================
-- Datos iniciales para desarrollo y demostración.
-- Ejecutar después de aplicar la migración 00002_full_schema.sql.
--
-- Nota: Las recetas de ejemplo no se incluyen aquí porque dependen de que
-- existan usuarios reales en auth.users. Se crean programáticamente tras
-- el registro del primer usuario.

-- 1. Supermarket: Mercadona ---------------------------------------------------
insert into supermarkets (id, name, display_name, color, website) values
  (
    'a0000000-0000-0000-0000-000000000001',
    'mercadona',
    'Mercadona',
    '#0077b3',
    'https://www.mercadona.es'
  )
on conflict (name) do nothing;

-- 2. Product Categories (secciones de Mercadona) ------------------------------
insert into product_categories (id, supermarket_id, name, display_order) values
  ('b1000000-0000-0000-0000-000000000001', 'a0000000-0000-0000-0000-000000000001', 'Frutas y Verduras',     1),
  ('b1000000-0000-0000-0000-000000000002', 'a0000000-0000-0000-0000-000000000001', 'Carnicería',            2),
  ('b1000000-0000-0000-0000-000000000003', 'a0000000-0000-0000-0000-000000000001', 'Pescadería',            3),
  ('b1000000-0000-0000-0000-000000000004', 'a0000000-0000-0000-0000-000000000001', 'Huevos y Lácteos',      4),
  ('b1000000-0000-0000-0000-000000000005', 'a0000000-0000-0000-0000-000000000001', 'Panadería',             5),
  ('b1000000-0000-0000-0000-000000000006', 'a0000000-0000-0000-0000-000000000001', 'Despensa',              6),
  ('b1000000-0000-0000-0000-000000000007', 'a0000000-0000-0000-0000-000000000001', 'Bebidas',               7),
  ('b1000000-0000-0000-0000-000000000008', 'a0000000-0000-0000-0000-000000000001', 'Congelados',            8),
  ('b1000000-0000-0000-0000-000000000009', 'a0000000-0000-0000-0000-000000000001', 'Limpieza',              9),
  ('b1000000-0000-0000-0000-000000000010', 'a0000000-0000-0000-0000-000000000001', 'Higiene Personal',     10)
on conflict (supermarket_id, name) do nothing;

-- 3. Ingredients (catálogo maestro) -------------------------------------------
insert into ingredients (id, name, category) values
  ('c0000000-0000-0000-0000-000000000001', 'Tomate',              'Frutas y Verduras'),
  ('c0000000-0000-0000-0000-000000000002', 'Cebolla',             'Frutas y Verduras'),
  ('c0000000-0000-0000-0000-000000000003', 'Ajo',                 'Frutas y Verduras'),
  ('c0000000-0000-0000-0000-000000000004', 'Pimiento Verde',      'Frutas y Verduras'),
  ('c0000000-0000-0000-0000-000000000005', 'Pollo',               'Carnicería'),
  ('c0000000-0000-0000-0000-000000000006', 'Huevo',               'Huevos y Lácteos'),
  ('c0000000-0000-0000-0000-000000000007', 'Leche',               'Huevos y Lácteos'),
  ('c0000000-0000-0000-0000-000000000008', 'Pan',                 'Panadería'),
  ('c0000000-0000-0000-0000-000000000009', 'Arroz',               'Despensa'),
  ('c0000000-0000-0000-0000-000000000010', 'Aceite de Oliva',     'Despensa'),
  ('c0000000-0000-0000-0000-000000000011', 'Patata',              'Frutas y Verduras')
on conflict (name) do nothing;

-- 4. Mercadona Products (ejemplos) --------------------------------------------
insert into supermarket_products (id, supermarket_id, name, price, unit, quantity, category_id) values
  -- Frutas y Verduras
  ('d0000000-0000-0000-0000-000000000001', 'a0000000-0000-0000-0000-000000000001', 'Tomate Pera bandeja 500g',   1.89, 'g', 500,  'b1000000-0000-0000-0000-000000000001'),
  ('d0000000-0000-0000-0000-000000000002', 'a0000000-0000-0000-0000-000000000001', 'Cebolla bolsa 1kg',          1.49, 'g', 1000, 'b1000000-0000-0000-0000-000000000001'),
  ('d0000000-0000-0000-0000-000000000003', 'a0000000-0000-0000-0000-000000000001', 'Ajo cabeza',                 0.89, 'ud', 1,    'b1000000-0000-0000-0000-000000000001'),
  ('d0000000-0000-0000-0000-000000000004', 'a0000000-0000-0000-0000-000000000001', 'Pimiento verde bolsa 500g', 1.29, 'g', 500,  'b1000000-0000-0000-0000-000000000001'),
  -- Carnicería
  ('d0000000-0000-0000-0000-000000000005', 'a0000000-0000-0000-0000-000000000001', 'Pollo entero',               4.50, 'g', 1000, 'b1000000-0000-0000-0000-000000000002'),
  ('d0000000-0000-0000-0000-000000000006', 'a0000000-0000-0000-0000-000000000001', 'Pechuga de pollo bandeja',   5.99, 'g', 600,  'b1000000-0000-0000-0000-000000000002'),
  -- Huevos y Lácteos
  ('d0000000-0000-0000-0000-000000000007', 'a0000000-0000-0000-0000-000000000001', 'Huevos camperos 6 uds',     2.29, 'ud', 6,    'b1000000-0000-0000-0000-000000000004'),
  ('d0000000-0000-0000-0000-000000000008', 'a0000000-0000-0000-0000-000000000001', 'Leche semidesnatada 1L',    0.95, 'l',  1,    'b1000000-0000-0000-0000-000000000004'),
  -- Panadería
  ('d0000000-0000-0000-0000-000000000009', 'a0000000-0000-0000-0000-000000000001', 'Pan de barra',               0.55, 'ud', 1,    'b1000000-0000-0000-0000-000000000005'),
  -- Despensa
  ('d0000000-0000-0000-0000-000000000010', 'a0000000-0000-0000-0000-000000000001', 'Arroz SOS redondo 1kg',     1.85, 'g', 1000, 'b1000000-0000-0000-0000-000000000006'),
  ('d0000000-0000-0000-0000-000000000011', 'a0000000-0000-0000-0000-000000000001', 'Aceite de Oliva Virgen Extra 1L', 4.20, 'l', 1, 'b1000000-0000-0000-0000-000000000006')
on conflict do nothing;

-- 5. Product-Ingredient Matches -----------------------------------------------
insert into product_ingredient_matches (product_id, ingredient_id, match_type) values
  ('d0000000-0000-0000-0000-000000000001', 'c0000000-0000-0000-0000-000000000001', 'exact'),
  ('d0000000-0000-0000-0000-000000000002', 'c0000000-0000-0000-0000-000000000002', 'exact'),
  ('d0000000-0000-0000-0000-000000000003', 'c0000000-0000-0000-0000-000000000003', 'exact'),
  ('d0000000-0000-0000-0000-000000000004', 'c0000000-0000-0000-0000-000000000004', 'exact'),
  ('d0000000-0000-0000-0000-000000000005', 'c0000000-0000-0000-0000-000000000005', 'synonym'),
  ('d0000000-0000-0000-0000-000000000006', 'c0000000-0000-0000-0000-000000000005', 'exact'),
  ('d0000000-0000-0000-0000-000000000007', 'c0000000-0000-0000-0000-000000000006', 'exact'),
  ('d0000000-0000-0000-0000-000000000008', 'c0000000-0000-0000-0000-000000000007', 'exact'),
  ('d0000000-0000-0000-0000-000000000009', 'c0000000-0000-0000-0000-000000000008', 'synonym'),
  ('d0000000-0000-0000-0000-000000000010', 'c0000000-0000-0000-0000-000000000009', 'exact'),
  ('d0000000-0000-0000-0000-000000000011', 'c0000000-0000-0000-0000-000000000010', 'exact')
on conflict (product_id, ingredient_id) do nothing;
